INSERT INTO DESTINATION VALUES('D0001', 'Piarco', 'C0001');
INSERT INTO DESTINATION VALUES('D0002', 'London', 'C0002');
INSERT INTO DESTINATION VALUES('D0003', 'Edingburgh', 'C0002');
INSERT INTO DESTINATION VALUES('D0004', 'Boston', 'C0003');
INSERT INTO DESTINATION VALUES('D0005', 'New York', 'C0003');
INSERT INTO DESTINATION VALUES('D0006', 'Tokyo', 'C0004');
INSERT INTO DESTINATION VALUES('D0007', 'Osaka', 'C0004');
INSERT INTO DESTINATION VALUES('D0008', 'Beijing', 'C0005');
INSERT INTO DESTINATION VALUES('D0009', 'Hong Kong', 'C0005');
INSERT INTO DESTINATION VALUES('D0010', 'Paris', 'C0006');
INSERT INTO DESTINATION VALUES('D0011', 'Bordeaux', 'C0006');
INSERT INTO DESTINATION VALUES('D0012', 'Cairo', 'C0007');
INSERT INTO DESTINATION VALUES('D0013', 'Berlin', 'C0008');
INSERT INTO DESTINATION VALUES('D0014', 'Munich', 'C0008');


CREATE TABLE OFFICE
(
  OFFICEID VARCHAR2(5) NOT NULL,
  LOCATION VARCHAR2(30) NOT NULL,
  PRIMARY KEY(OFFICEID)
);

INSERT INTO OFFICE VALUES('O0001', 'Port-of-Spain');
INSERT INTO OFFICE VALUES('O0002', 'Chaguanas');
INSERT INTO OFFICE VALUES('O0003', 'San Fernando');
INSERT INTO OFFICE VALUES('O0004', 'Arima');


CREATE TABLE AGENT
(
  AGENTID VARCHAR2(5) NOT NULL,
  FNAME VARCHAR2(20) NOT NULL,
  LNAME VARCHAR2(20) NOT NULL,
  OFFICEID VARCHAR2(5) NOT NULL,
  MONTHLYSALARY NUMBER(7, 2) NOT NULL,
  FOREIGN KEY(OFFICEID) REFERENCES OFFICE(OFFICEID),
  PRIMARY KEY(AGENTID)
);

INSERT INTO AGENT VALUES('A0001','Allen' ,'Kemp' ,'O0002', 14523);
INSERT INTO AGENT VALUES('A0002', 'Francesca' , 'Hardin' , 'O0003', 14896);
INSERT INTO AGENT VALUES('A0003', 'Naida' , 'Paul' ,'O0002', 8165);
INSERT INTO AGENT VALUES('A0004', 'Alexander' , 'Hooper' , 'O0004', 10738);
INSERT INTO AGENT VALUES('A0005', 'Abigail', 'Hooper', 'O0004', 9417);
INSERT INTO AGENT VALUES('A0006', 'Molly' , 'Cochran', 'O0001', 11019);
INSERT INTO AGENT VALUES('A0007', 'Luke', 'Dillon' , 'O0001', 11617);
INSERT INTO AGENT VALUES('A0008', 'Candice', 'Cobb','O0001', 10200);
INSERT INTO AGENT VALUES('A0009', 'Cyrus', 'Daniels', 'O0002', 10100);
INSERT INTO AGENT VALUES('A0010', 'Erica', 'Bowers', 'O0003', 11477);
INSERT INTO AGENT VALUES('A0011' ,'Shay','Walter','O0001', 13144);
INSERT INTO AGENT VALUES('A0012' ,'Hope','Joseph','O0004', 5782);
INSERT INTO AGENT VALUES('A0013' ,'Evangeline','House','O0002', 8291);
INSERT INTO AGENT VALUES('A0014' ,'Drew','Torres','O0002', 8568);
INSERT INTO AGENT VALUES('A0015' ,'Nyssa','Mohammed','O0003', 9296);
INSERT INTO AGENT VALUES('A0016' ,'David','Ali','O0001', 13472);
INSERT INTO AGENT VALUES('A0017', 'Jane', 'Doe', 'O0001', 12468);
INSERT INTO AGENT VALUES('A0018' ,'Darius','Russo','O0002', 8351);
INSERT INTO AGENT VALUES('A0019' ,'Priyanka','Ramdath','O0003', 8547);





CREATE TABLE CUSTOMER
(
  CUSTOMERID VARCHAR2(5) NOT NULL,
  FNAME VARCHAR2(20) NOT NULL,
  LNAME VARCHAR2(20) NOT NULL,
  PHONE VARCHAR(14) NOT NULL,
  PRIMARY KEY(CUSTOMERID)
);


INSERT INTO CUSTOMER VALUES('U0001','Ursula','Lester','568-3144');
INSERT INTO CUSTOMER VALUES('U0002','Anthony','Frye','666-3347');
INSERT INTO CUSTOMER VALUES('U0003','Sarah','Suarez','982-6487');
INSERT INTO CUSTOMER VALUES('U0004','Ethan','Berry','642-0111');
INSERT INTO CUSTOMER VALUES('U0005','Justin','Blanchard','490-6051');
INSERT INTO CUSTOMER VALUES('U0006','Nyssa','Conner','174-3861');
INSERT INTO CUSTOMER VALUES('U0007','Gary','Glass','896-0275');
INSERT INTO CUSTOMER VALUES('U0008','Colby','Oliver','609-5373');
INSERT INTO CUSTOMER VALUES('U0009','Reagan','Campos','621-6508');
INSERT INTO CUSTOMER VALUES('U0010','Nichole','Mosley','265-7300');
INSERT INTO CUSTOMER VALUES('U0011','Maisie','Hendricks','892-0662');
INSERT INTO CUSTOMER VALUES('U0012','Orson','Quinn','149-6517');
INSERT INTO CUSTOMER VALUES('U0013','Alfonso','Conway','721-0418');
INSERT INTO CUSTOMER VALUES('U0014','Kevin','Bender','789-2670');
INSERT INTO CUSTOMER VALUES('U0015','Hedy','Sexton','536-2294');
INSERT INTO CUSTOMER VALUES('U0016','Ima','Davenport','691-0622');
INSERT INTO CUSTOMER VALUES('U0017','Dara','Clemons','757-6057');
INSERT INTO CUSTOMER VALUES('U0018','Haviva','Spence','917-5937');
INSERT INTO CUSTOMER VALUES('U0019','Elliott','Stein','818-4165');
INSERT INTO CUSTOMER VALUES('U0020','Zephania','Benjamin','632-5702');
INSERT INTO CUSTOMER VALUES('U0021','Odysseus','Benton','248-3913');
INSERT INTO CUSTOMER VALUES('U0022','Charlotte','Wiggins','250-7400');
INSERT INTO CUSTOMER VALUES('U0023','Aquila','Simon','559-1121');
INSERT INTO CUSTOMER VALUES('U0024','Jakeem','Warren','839-7628');
INSERT INTO CUSTOMER VALUES('U0025','Iliana','Potter','801-2889');
INSERT INTO CUSTOMER VALUES('U0026','Ocean','Nunez','696-7032');
INSERT INTO CUSTOMER VALUES('U0027','Jermaine','Wolf','688-7331');
INSERT INTO CUSTOMER VALUES('U0028','Lev','Raymond','648-3463');
INSERT INTO CUSTOMER VALUES('U0029','Simon','Davenport','364-2025');
INSERT INTO CUSTOMER VALUES('U0030','Jacob','Mccullough','447-8564');

CREATE TABLE BOOKING
(
  BOOKINGID VARCHAR2(5) NOT NULL,
  CUSTOMERID VARCHAR2(5) NOT NULL,
  AGENTID VARCHAR2(5) NOT NULL,
  DATEOFDEPARTURE DATE NOT NULL,
  DESTINATIONID VARCHAR2(5) NOT NULL,
  PRICEPERTICKET NUMBER(7, 2),
  NUMPEOPLE NUMBER(2) NOT NULL,
  FOREIGN KEY(CUSTOMERID) REFERENCES CUSTOMER(CUSTOMERID),
  FOREIGN KEY(AGENTID) REFERENCES AGENT(AGENTID),
  FOREIGN KEY(DESTINATIONID) REFERENCES DESTINATION(DESTINATIONID),
  PRIMARY KEY(BOOKINGID)
);

INSERT INTO BOOKING VALUES('B0001','U0010','A0010',to_date('28/09/2013', 'DD/MM/YYYY'),'D0006','203.0','1');
INSERT INTO BOOKING VALUES('B0002','U0026','A0002',to_date('05/04/2014', 'DD/MM/YYYY'),'D0005',NULL,'2');
INSERT INTO BOOKING VALUES('B0003','U0013','A0010',to_date('07/04/2014', 'DD/MM/YYYY'),'D0009','626.0','3');
INSERT INTO BOOKING VALUES('B0004','U0029','A0007',to_date('14/04/2013', 'DD/MM/YYYY'),'D0012','628.0','2');
INSERT INTO BOOKING VALUES('B0005','U0003','A0010',to_date('02/10/2014', 'DD/MM/YYYY'),'D0012','367.0','1');
INSERT INTO BOOKING VALUES('B0006','U0021','A0004',to_date('20/02/2013', 'DD/MM/YYYY'),'D0010','458.0','5');
INSERT INTO BOOKING VALUES('B0007','U0020','A0007',to_date('09/11/2013', 'DD/MM/YYYY'),'D0008','465.0','4');
INSERT INTO BOOKING VALUES('B0008','U0025','A0001',to_date('09/06/2014', 'DD/MM/YYYY'),'D0005','183.0','2');
INSERT INTO BOOKING VALUES('B0009','U0026','A0009',to_date('07/02/2014', 'DD/MM/YYYY'),'D0007','580.0','5');
INSERT INTO BOOKING VALUES('B0010','U0002','A0008',to_date('18/10/2014', 'DD/MM/YYYY'),'D0012','423.0','5');
INSERT INTO BOOKING VALUES('B0011','U0027','A0007',to_date('01/01/2014', 'DD/MM/YYYY'),'D0003','157.0','4');
INSERT INTO BOOKING VALUES('B0012','U0022','A0003',to_date('03/05/2013', 'DD/MM/YYYY'),'D0013','11.0','2');
INSERT INTO BOOKING VALUES('B0013','U0015','A0004',to_date('02/08/2013', 'DD/MM/YYYY'),'D0006','304.0','1');
INSERT INTO BOOKING VALUES('B0014','U0024','A0006',to_date('16/03/2014', 'DD/MM/YYYY'),'D0002','894.0','2');
INSERT INTO BOOKING VALUES('B0015','U0020','A0006',to_date('07/02/2014', 'DD/MM/YYYY'),'D0006','969.0','3');
INSERT INTO BOOKING VALUES('B0016','U0014','A0008',to_date('29/01/2014', 'DD/MM/YYYY'),'D0011','33.0','2');
INSERT INTO BOOKING VALUES('B0017','U0024','A0004',to_date('13/07/2013', 'DD/MM/YYYY'),'D0012','98.0','5');
INSERT INTO BOOKING VALUES('B0018','U0021','A0010',to_date('11/09/2013', 'DD/MM/YYYY'),'D0011','338.0','4');
INSERT INTO BOOKING VALUES('B0019','U0011','A0004',to_date('29/10/2014', 'DD/MM/YYYY'),'D0009','779.0','2');
INSERT INTO BOOKING VALUES('B0020','U0018','A0010',to_date('22/08/2013', 'DD/MM/YYYY'),'D0014','773.0','2');
INSERT INTO BOOKING VALUES('B0021','U0016','A0006',to_date('30/05/2014', 'DD/MM/YYYY'),'D0014','923.0','4');
INSERT INTO BOOKING VALUES('B0022','U0005','A0002',to_date('27/05/2015', 'DD/MM/YYYY'),'D0007','84.0','5');
INSERT INTO BOOKING VALUES('B0023','U0029','A0009',to_date('02/03/2015', 'DD/MM/YYYY'),'D0004','109.0','5');
INSERT INTO BOOKING VALUES('B0024','U0020','A0010',to_date('25/08/2014', 'DD/MM/YYYY'),'D0001','175.0','4');
INSERT INTO BOOKING VALUES('B0025','U0018','A0001',to_date('14/12/2013', 'DD/MM/YYYY'),'D0013','508.0','3');
INSERT INTO BOOKING VALUES('B0026','U0022','A0010',to_date('10/05/2014', 'DD/MM/YYYY'),'D0014',NULL,'4');
INSERT INTO BOOKING VALUES('B0027','U0028','A0005',to_date('24/05/2014', 'DD/MM/YYYY'),'D0001',NULL,'1');
INSERT INTO BOOKING VALUES('B0028','U0014','A0005',to_date('02/09/2013', 'DD/MM/YYYY'),'D0003','440.0','1');
INSERT INTO BOOKING VALUES('B0029','U0025','A0006',to_date('29/01/2014', 'DD/MM/YYYY'),'D0014','731.0','4');
INSERT INTO BOOKING VALUES('B0030','U0030','A0001',to_date('31/01/2015', 'DD/MM/YYYY'),'D0002','81.0','1');
INSERT INTO BOOKING VALUES('B0031','U0003','A0008',to_date('22/11/2012', 'DD/MM/YYYY'),'D0002','690.0','4');
INSERT INTO BOOKING VALUES('B0032','U0019','A0004',to_date('24/05/2013', 'DD/MM/YYYY'),'D0007','104.0','2');
INSERT INTO BOOKING VALUES('B0033','U0010','A0009',to_date('05/10/2012', 'DD/MM/YYYY'),'D0008','807.0','5');
INSERT INTO BOOKING VALUES('B0034','U0021','A0003',to_date('18/11/2013', 'DD/MM/YYYY'),'D0002','366.0','1');
INSERT INTO BOOKING VALUES('B0035','U0027','A0006',to_date('05/08/2015', 'DD/MM/YYYY'),'D0005','925.0','4');
INSERT INTO BOOKING VALUES('B0036','U0002','A0001',to_date('13/04/2014', 'DD/MM/YYYY'),'D0009','40.0','1');
INSERT INTO BOOKING VALUES('B0037','U0013','A0004',to_date('15/08/2015', 'DD/MM/YYYY'),'D0014','480.0','5');
INSERT INTO BOOKING VALUES('B0038','U0007','A0007',to_date('14/04/2013', 'DD/MM/YYYY'),'D0006','843.0','1');
INSERT INTO BOOKING VALUES('B0039','U0005','A0001',to_date('15/10/2012', 'DD/MM/YYYY'),'D0007','985.0','5');
INSERT INTO BOOKING VALUES('B0040','U0020','A0004',to_date('28/05/2015', 'DD/MM/YYYY'),'D0012','951.0','3');
INSERT INTO BOOKING VALUES('B0041','U0003','A0010',to_date('21/08/2014', 'DD/MM/YYYY'),'D0006','679.0','3');
INSERT INTO BOOKING VALUES('B0042','U0010','A0003',to_date('21/07/2015', 'DD/MM/YYYY'),'D0010','636.0','2');
INSERT INTO BOOKING VALUES('B0043','U0029','A0008',to_date('05/03/2014', 'DD/MM/YYYY'),'D0001','730.0','1');
INSERT INTO BOOKING VALUES('B0044','U0022','A0006',to_date('12/12/2012', 'DD/MM/YYYY'),'D0009','722.0','1');
INSERT INTO BOOKING VALUES('B0045','U0011','A0001',to_date('31/03/2014', 'DD/MM/YYYY'),'D0011',NULL,'2');
INSERT INTO BOOKING VALUES('B0046','U0016','A0009',to_date('04/05/2014', 'DD/MM/YYYY'),'D0007',NULL,'2');
INSERT INTO BOOKING VALUES('B0047','U0019','A0009',to_date('12/06/2014', 'DD/MM/YYYY'),'D0006',NULL,'4');
INSERT INTO BOOKING VALUES('B0048','U0007','A0001',to_date('18/05/2015', 'DD/MM/YYYY'),'D0014',NULL,'3');
INSERT INTO BOOKING VALUES('B0049','U0011','A0010',to_date('27/03/2013', 'DD/MM/YYYY'),'D0012','449.0','3');
INSERT INTO BOOKING VALUES('B0050','U0004','A0002',to_date('04/11/2014', 'DD/MM/YYYY'),'D0003',NULL,'5');
